{
  "folds": [
    {
      "fold": 1,
      "accuracy": 0.955,
      "best_lambda_epoch": 11,
      "best_lambda_acc": 0.9814814814814815,
      "lambda_history": [
        0.9496296296296296,
        0.9622222222222222,
        0.9674074074074074,
        0.9674074074074074,
        0.9696296296296296,
        0.9703703703703703,
        0.9733333333333334,
        0.9740740740740741,
        0.9785185185185186,
        0.9785185185185186,
        0.9814814814814815,
        0.9814814814814815,
        0.9807407407407407,
        0.9792592592592593,
        0.98,
        0.9792592592592593
      ],
      "n_train": 1600,
      "n_pca": 250,
      "n_lambda": 1350,
      "n_test": 400
    },
    {
      "fold": 2,
      "accuracy": 0.9675,
      "best_lambda_epoch": 27,
      "best_lambda_acc": 0.9851851851851852,
      "lambda_history": [
        0.9392592592592592,
        0.9540740740740741,
        0.9585185185185185,
        0.9607407407407408,
        0.9622222222222222,
        0.9629629629629629,
        0.965925925925926,
        0.9688888888888889,
        0.9696296296296296,
        0.9725925925925926,
        0.9733333333333334,
        0.9740740740740741,
        0.9740740740740741,
        0.977037037037037,
        0.9755555555555555,
        0.9777777777777777,
        0.9792592592592593,
        0.9814814814814815,
        0.98,
        0.98,
        0.9807407407407407,
        0.9829629629629629,
        0.9807407407407407,
        0.9837037037037037,
        0.9844444444444445,
        0.9844444444444445,
        0.9851851851851852,
        0.9851851851851852,
        0.9822222222222222,
        0.9844444444444445,
        0.9844444444444445,
        0.9844444444444445
      ],
      "n_train": 1600,
      "n_pca": 250,
      "n_lambda": 1350,
      "n_test": 400
    },
    {
      "fold": 3,
      "accuracy": 0.965,
      "best_lambda_epoch": 19,
      "best_lambda_acc": 0.9859259259259259,
      "lambda_history": [
        0.9451851851851852,
        0.9577777777777777,
        0.9644444444444444,
        0.9688888888888889,
        0.9733333333333334,
        0.9718518518518519,
        0.977037037037037,
        0.9777777777777777,
        0.9792592592592593,
        0.9792592592592593,
        0.9807407407407407,
        0.9807407407407407,
        0.9792592592592593,
        0.9814814814814815,
        0.9814814814814815,
        0.9822222222222222,
        0.9837037037037037,
        0.9844444444444445,
        0.9859259259259259,
        0.9837037037037037,
        0.9851851851851852,
        0.9851851851851852,
        0.9837037037037037,
        0.9844444444444445
      ],
      "n_train": 1600,
      "n_pca": 250,
      "n_lambda": 1350,
      "n_test": 400
    },
    {
      "fold": 4,
      "accuracy": 0.96,
      "best_lambda_epoch": 14,
      "best_lambda_acc": 0.9829629629629629,
      "lambda_history": [
        0.9481481481481482,
        0.96,
        0.9688888888888889,
        0.9711111111111111,
        0.9748148148148148,
        0.9748148148148148,
        0.9748148148148148,
        0.977037037037037,
        0.9792592592592593,
        0.9807407407407407,
        0.9822222222222222,
        0.9814814814814815,
        0.9807407407407407,
        0.9829629629629629,
        0.9822222222222222,
        0.9829629629629629,
        0.9807407407407407,
        0.9822222222222222,
        0.9807407407407407
      ],
      "n_train": 1600,
      "n_pca": 250,
      "n_lambda": 1350,
      "n_test": 400
    },
    {
      "fold": 5,
      "accuracy": 0.9625,
      "best_lambda_epoch": 32,
      "best_lambda_acc": 0.9888888888888889,
      "lambda_history": [
        0.9444444444444444,
        0.9562962962962963,
        0.9666666666666667,
        0.9703703703703703,
        0.9748148148148148,
        0.9762962962962963,
        0.9762962962962963,
        0.9755555555555555,
        0.977037037037037,
        0.9777777777777777,
        0.9777777777777777,
        0.9762962962962963,
        0.9777777777777777,
        0.9777777777777777,
        0.9807407407407407,
        0.9792592592592593,
        0.98,
        0.9822222222222222,
        0.9807407407407407,
        0.9792592592592593,
        0.9814814814814815,
        0.9829629629629629,
        0.9851851851851852,
        0.9822222222222222,
        0.9851851851851852,
        0.9851851851851852,
        0.9851851851851852,
        0.9881481481481481,
        0.9881481481481481,
        0.9881481481481481,
        0.9866666666666667,
        0.9888888888888889,
        0.9874074074074074,
        0.9881481481481481,
        0.9866666666666667,
        0.9881481481481481,
        0.9874074074074074
      ],
      "n_train": 1600,
      "n_pca": 250,
      "n_lambda": 1350,
      "n_test": 400
    }
  ],
  "dataset": "ESC50",
  "type": "residual",
  "n_folds": 5,
  "n_samples": 2000,
  "timestamp": "2026-04-18T23:37:19.486081",
  "mean_accuracy": 0.962,
  "std_accuracy": 0.0043011626335213325
}