{
  "folds": [
    {
      "fold": 1,
      "accuracy": 0.36,
      "n_test": 50
    },
    {
      "fold": 2,
      "accuracy": 0.32,
      "n_test": 50
    }
  ],
  "dataset": "TinySOL",
  "type": "classic",
  "n_folds": 2,
  "n_samples": 100,
  "timestamp": "2026-04-29T20:51:01.303607",
  "mean_accuracy": 0.33999999999999997,
  "std_accuracy": 0.01999999999999999
}