{
  "folds": [
    {
      "fold": 1,
      "accuracy": 0.9083094555873925,
      "best_lambda_epoch": 20,
      "best_lambda_acc": 0.9371179039301311,
      "lambda_history": [
        0.5065502183406113,
        0.5938864628820961,
        0.6724890829694323,
        0.77117903930131,
        0.8262008733624454,
        0.8489082969432314,
        0.8672489082969432,
        0.8759825327510917,
        0.8908296943231441,
        0.8960698689956332,
        0.9082969432314411,
        0.9161572052401746,
        0.9161572052401746,
        0.9292576419213974,
        0.9213973799126638,
        0.9240174672489083,
        0.9362445414847161,
        0.9266375545851528,
        0.9318777292576419,
        0.9371179039301311
      ],
      "n_train": 1395,
      "n_pca": 250,
      "n_lambda": 1145,
      "n_test": 349
    },
    {
      "fold": 2,
      "accuracy": 0.9340974212034384,
      "best_lambda_epoch": 20,
      "best_lambda_acc": 0.9502183406113537,
      "lambda_history": [
        0.5275109170305677,
        0.6192139737991267,
        0.6803493449781659,
        0.7537117903930131,
        0.7903930131004366,
        0.8174672489082969,
        0.8489082969432314,
        0.8637554585152838,
        0.8908296943231441,
        0.8925764192139738,
        0.9117903930131004,
        0.9179039301310044,
        0.9336244541484716,
        0.9327510917030568,
        0.9388646288209607,
        0.9362445414847161,
        0.9406113537117904,
        0.9441048034934498,
        0.9493449781659389,
        0.9502183406113537
      ],
      "n_train": 1395,
      "n_pca": 250,
      "n_lambda": 1145,
      "n_test": 349
    },
    {
      "fold": 3,
      "accuracy": 0.9226361031518625,
      "best_lambda_epoch": 19,
      "best_lambda_acc": 0.9449781659388646,
      "lambda_history": [
        0.5275109170305677,
        0.6209606986899563,
        0.7030567685589519,
        0.7606986899563318,
        0.8017467248908297,
        0.8209606986899564,
        0.8393013100436681,
        0.8655021834061135,
        0.8777292576419214,
        0.8986899563318778,
        0.9039301310043668,
        0.9109170305676856,
        0.9240174672489083,
        0.9248908296943231,
        0.9292576419213974,
        0.9336244541484716,
        0.9388646288209607,
        0.9292576419213974,
        0.9449781659388646,
        0.9423580786026201
      ],
      "n_train": 1395,
      "n_pca": 250,
      "n_lambda": 1145,
      "n_test": 349
    },
    {
      "fold": 4,
      "accuracy": 0.8911174785100286,
      "best_lambda_epoch": 13,
      "best_lambda_acc": 0.9310043668122271,
      "lambda_history": [
        0.5222707423580786,
        0.6157205240174672,
        0.6855895196506551,
        0.7449781659388647,
        0.8008733624454148,
        0.8270742358078602,
        0.8576419213973799,
        0.8838427947598253,
        0.8890829694323145,
        0.914410480349345,
        0.9013100436681223,
        0.9275109170305676,
        0.9310043668122271,
        0.9301310043668122,
        0.9310043668122271,
        0.9292576419213974
      ],
      "n_train": 1395,
      "n_pca": 250,
      "n_lambda": 1145,
      "n_test": 349
    },
    {
      "fold": 5,
      "accuracy": 0.896551724137931,
      "best_lambda_epoch": 20,
      "best_lambda_acc": 0.9345549738219895,
      "lambda_history": [
        0.5279232111692844,
        0.5907504363001745,
        0.6841186736474695,
        0.7373472949389179,
        0.7949389179755671,
        0.8333333333333334,
        0.8490401396160558,
        0.881326352530541,
        0.8839441535776614,
        0.9013961605584643,
        0.8979057591623036,
        0.9013961605584643,
        0.9136125654450262,
        0.9109947643979057,
        0.9109947643979057,
        0.9232111692844677,
        0.9240837696335078,
        0.9284467713787086,
        0.9293193717277487,
        0.9345549738219895
      ],
      "n_train": 1396,
      "n_pca": 250,
      "n_lambda": 1146,
      "n_test": 348
    }
  ],
  "dataset": "TinySOL",
  "type": "residual",
  "n_folds": 5,
  "n_samples": 1744,
  "timestamp": "2026-04-18T15:42:09.018861",
  "mean_accuracy": 0.9105424365181307,
  "std_accuracy": 0.015994682282133393
}