{
  "folds": [
    {
      "fold": 1,
      "accuracy": 0.8767908309455588,
      "best_lambda_epoch": 36,
      "best_lambda_acc": 0.9292576419213974,
      "lambda_history": [
        0.48034934497816595,
        0.5213973799126638,
        0.5423580786026201,
        0.5615720524017467,
        0.6078602620087337,
        0.6270742358078603,
        0.6576419213973799,
        0.6855895196506551,
        0.7344978165938865,
        0.765938864628821,
        0.7834061135371179,
        0.8078602620087336,
        0.8200873362445414,
        0.8393013100436681,
        0.8419213973799127,
        0.8480349344978166,
        0.851528384279476,
        0.8585152838427947,
        0.8698689956331878,
        0.8672489082969432,
        0.8873362445414847,
        0.8864628820960698,
        0.8934497816593886,
        0.8908296943231441,
        0.8995633187772926,
        0.9039301310043668,
        0.9074235807860263,
        0.9135371179039301,
        0.9082969432314411,
        0.9082969432314411,
        0.9179039301310044,
        0.914410480349345,
        0.9187772925764193,
        0.914410480349345,
        0.9135371179039301,
        0.9292576419213974,
        0.9170305676855895,
        0.9222707423580786,
        0.9196506550218341,
        0.9231441048034934
      ],
      "n_train": 1395,
      "n_pca": 250,
      "n_lambda": 1145,
      "n_test": 349
    },
    {
      "fold": 2,
      "accuracy": 0.9226361031518625,
      "best_lambda_epoch": 38,
      "best_lambda_acc": 0.9344978165938864,
      "lambda_history": [
        0.4908296943231441,
        0.5362445414847161,
        0.5519650655021834,
        0.5772925764192139,
        0.6209606986899563,
        0.634061135371179,
        0.6681222707423581,
        0.6934497816593886,
        0.7231441048034934,
        0.7510917030567685,
        0.7650655021834061,
        0.777292576419214,
        0.7860262008733624,
        0.7947598253275109,
        0.8148471615720524,
        0.8227074235807861,
        0.840174672489083,
        0.8462882096069869,
        0.8637554585152838,
        0.8768558951965065,
        0.8864628820960698,
        0.8838427947598253,
        0.8986899563318778,
        0.9074235807860263,
        0.9126637554585153,
        0.9117903930131004,
        0.9152838427947598,
        0.9187772925764193,
        0.9179039301310044,
        0.9187772925764193,
        0.9266375545851528,
        0.9266375545851528,
        0.9231441048034934,
        0.9231441048034934,
        0.9310043668122271,
        0.9301310043668122,
        0.9301310043668122,
        0.9344978165938864,
        0.9318777292576419,
        0.9310043668122271
      ],
      "n_train": 1395,
      "n_pca": 250,
      "n_lambda": 1145,
      "n_test": 349
    },
    {
      "fold": 3,
      "accuracy": 0.9226361031518625,
      "best_lambda_epoch": 40,
      "best_lambda_acc": 0.9362445414847161,
      "lambda_history": [
        0.49344978165938863,
        0.5353711790393013,
        0.5580786026200873,
        0.5912663755458515,
        0.6279475982532751,
        0.6724890829694323,
        0.7004366812227074,
        0.7248908296943232,
        0.7493449781659388,
        0.7633187772925765,
        0.7703056768558952,
        0.7807860262008733,
        0.7965065502183406,
        0.8069868995633188,
        0.8087336244541484,
        0.8183406113537118,
        0.8384279475982532,
        0.8445414847161572,
        0.862882096069869,
        0.8655021834061135,
        0.868995633187773,
        0.879475982532751,
        0.8873362445414847,
        0.8847161572052402,
        0.9004366812227074,
        0.8899563318777293,
        0.8960698689956332,
        0.9065502183406113,
        0.8995633187772926,
        0.9161572052401746,
        0.9117903930131004,
        0.9082969432314411,
        0.9152838427947598,
        0.9152838427947598,
        0.9231441048034934,
        0.9213973799126638,
        0.9292576419213974,
        0.9266375545851528,
        0.9266375545851528,
        0.9362445414847161
      ],
      "n_train": 1395,
      "n_pca": 250,
      "n_lambda": 1145,
      "n_test": 349
    },
    {
      "fold": 4,
      "accuracy": 0.8997134670487106,
      "best_lambda_epoch": 37,
      "best_lambda_acc": 0.9353711790393013,
      "lambda_history": [
        0.503056768558952,
        0.5379912663755458,
        0.5641921397379913,
        0.5851528384279476,
        0.6157205240174672,
        0.6358078602620088,
        0.6716157205240174,
        0.6969432314410481,
        0.7327510917030567,
        0.7641921397379913,
        0.7755458515283843,
        0.7877729257641921,
        0.8096069868995633,
        0.8148471615720524,
        0.8366812227074236,
        0.851528384279476,
        0.8611353711790393,
        0.862882096069869,
        0.8812227074235808,
        0.8908296943231441,
        0.8847161572052402,
        0.896943231441048,
        0.9021834061135371,
        0.9048034934497816,
        0.9056768558951965,
        0.9082969432314411,
        0.9152838427947598,
        0.9135371179039301,
        0.9170305676855895,
        0.9213973799126638,
        0.9275109170305676,
        0.9266375545851528,
        0.9275109170305676,
        0.9301310043668122,
        0.9310043668122271,
        0.9266375545851528,
        0.9353711790393013,
        0.9344978165938864,
        0.9266375545851528,
        0.9327510917030568
      ],
      "n_train": 1395,
      "n_pca": 250,
      "n_lambda": 1145,
      "n_test": 349
    },
    {
      "fold": 5,
      "accuracy": 0.8936781609195402,
      "best_lambda_epoch": 40,
      "best_lambda_acc": 0.9301919720767888,
      "lambda_history": [
        0.5095986038394416,
        0.5357766143106457,
        0.5514834205933682,
        0.5636998254799301,
        0.5977312390924956,
        0.6273996509598604,
        0.6474694589877836,
        0.6893542757417103,
        0.7137870855148342,
        0.7356020942408377,
        0.7609075043630017,
        0.7792321116928447,
        0.794066317626527,
        0.8097731239092496,
        0.8263525305410122,
        0.8394415357766143,
        0.8394415357766143,
        0.8638743455497382,
        0.8673647469458988,
        0.8830715532286213,
        0.8830715532286213,
        0.887434554973822,
        0.8917975567190227,
        0.8987783595113438,
        0.900523560209424,
        0.9048865619546248,
        0.9066317626527051,
        0.9144851657940664,
        0.9075043630017452,
        0.9109947643979057,
        0.912739965095986,
        0.9101221640488656,
        0.9197207678883071,
        0.9162303664921466,
        0.9179755671902269,
        0.9214659685863874,
        0.924956369982548,
        0.9232111692844677,
        0.9267015706806283,
        0.9301919720767888
      ],
      "n_train": 1396,
      "n_pca": 250,
      "n_lambda": 1146,
      "n_test": 348
    }
  ],
  "dataset": "TinySOL",
  "type": "residual",
  "n_folds": 5,
  "n_samples": 1744,
  "timestamp": "2026-04-19T02:42:58.904346",
  "mean_accuracy": 0.9030909330435068,
  "std_accuracy": 0.01763933261263215
}