{
  "folds": [
    {
      "fold": 1,
      "accuracy": 0.8725,
      "best_lambda_epoch": 20,
      "best_lambda_acc": 0.9651851851851851,
      "lambda_history": [
        0.7748148148148148,
        0.8681481481481481,
        0.8977777777777778,
        0.9162962962962963,
        0.9155555555555556,
        0.9259259259259259,
        0.9348148148148148,
        0.9355555555555556,
        0.9407407407407408,
        0.9444444444444444,
        0.9474074074074074,
        0.9496296296296296,
        0.9540740740740741,
        0.957037037037037,
        0.9548148148148148,
        0.9555555555555556,
        0.9607407407407408,
        0.9622222222222222,
        0.9622222222222222,
        0.9651851851851851
      ],
      "n_train": 1600,
      "n_pca": 250,
      "n_lambda": 1350,
      "n_test": 400
    },
    {
      "fold": 2,
      "accuracy": 0.91,
      "best_lambda_epoch": 18,
      "best_lambda_acc": 0.9503703703703704,
      "lambda_history": [
        0.7688888888888888,
        0.8503703703703703,
        0.8851851851851852,
        0.9037037037037037,
        0.9081481481481481,
        0.9111111111111111,
        0.92,
        0.922962962962963,
        0.92,
        0.9266666666666666,
        0.9303703703703704,
        0.9318518518518518,
        0.9355555555555556,
        0.9392592592592592,
        0.9444444444444444,
        0.94,
        0.9451851851851852,
        0.9503703703703704,
        0.9474074074074074,
        0.9488888888888889
      ],
      "n_train": 1600,
      "n_pca": 250,
      "n_lambda": 1350,
      "n_test": 400
    },
    {
      "fold": 3,
      "accuracy": 0.8625,
      "best_lambda_epoch": 20,
      "best_lambda_acc": 0.9651851851851851,
      "lambda_history": [
        0.7777777777777778,
        0.8562962962962963,
        0.8992592592592593,
        0.9162962962962963,
        0.9185185185185185,
        0.9251851851851852,
        0.9325925925925926,
        0.937037037037037,
        0.9392592592592592,
        0.945925925925926,
        0.9451851851851852,
        0.9481481481481482,
        0.957037037037037,
        0.9548148148148148,
        0.96,
        0.9592592592592593,
        0.96,
        0.9629629629629629,
        0.9629629629629629,
        0.9651851851851851
      ],
      "n_train": 1600,
      "n_pca": 250,
      "n_lambda": 1350,
      "n_test": 400
    },
    {
      "fold": 4,
      "accuracy": 0.87,
      "best_lambda_epoch": 20,
      "best_lambda_acc": 0.9622222222222222,
      "lambda_history": [
        0.7644444444444445,
        0.8488888888888889,
        0.8970370370370371,
        0.9051851851851852,
        0.9103703703703704,
        0.9207407407407407,
        0.9288888888888889,
        0.9303703703703704,
        0.937037037037037,
        0.937037037037037,
        0.9422222222222222,
        0.9496296296296296,
        0.9511111111111111,
        0.9525925925925925,
        0.9577777777777777,
        0.957037037037037,
        0.9562962962962963,
        0.96,
        0.9577777777777777,
        0.9622222222222222
      ],
      "n_train": 1600,
      "n_pca": 250,
      "n_lambda": 1350,
      "n_test": 400
    },
    {
      "fold": 5,
      "accuracy": 0.895,
      "best_lambda_epoch": 20,
      "best_lambda_acc": 0.96,
      "lambda_history": [
        0.774074074074074,
        0.8451851851851852,
        0.8851851851851852,
        0.9044444444444445,
        0.9125925925925926,
        0.92,
        0.9288888888888889,
        0.9311111111111111,
        0.9333333333333333,
        0.9340740740740741,
        0.94,
        0.9437037037037037,
        0.9474074074074074,
        0.9451851851851852,
        0.9488888888888889,
        0.9503703703703704,
        0.9533333333333334,
        0.9555555555555556,
        0.9562962962962963,
        0.96
      ],
      "n_train": 1600,
      "n_pca": 250,
      "n_lambda": 1350,
      "n_test": 400
    }
  ],
  "dataset": "VocalSound",
  "type": "residual",
  "n_folds": 5,
  "n_samples": 2000,
  "timestamp": "2026-04-18T16:29:33.642046",
  "mean_accuracy": 0.882,
  "std_accuracy": 0.017705931209625773
}