{
  "folds": [
    {
      "fold": 1,
      "accuracy": 0.88,
      "best_lambda_epoch": 29,
      "best_lambda_acc": 0.9511111111111111,
      "lambda_history": [
        0.7503703703703704,
        0.7896296296296297,
        0.825925925925926,
        0.8637037037037038,
        0.8725925925925926,
        0.8948148148148148,
        0.9,
        0.9074074074074074,
        0.9081481481481481,
        0.9125925925925926,
        0.9155555555555556,
        0.9222222222222223,
        0.9222222222222223,
        0.9237037037037037,
        0.9288888888888889,
        0.9303703703703704,
        0.9296296296296296,
        0.9333333333333333,
        0.9333333333333333,
        0.9325925925925926,
        0.937037037037037,
        0.9392592592592592,
        0.9414814814814815,
        0.9385185185185185,
        0.9451851851851852,
        0.9422222222222222,
        0.942962962962963,
        0.945925925925926,
        0.9511111111111111,
        0.9414814814814815,
        0.9466666666666667,
        0.9474074074074074,
        0.9474074074074074,
        0.9488888888888889
      ],
      "n_train": 1600,
      "n_pca": 250,
      "n_lambda": 1350,
      "n_test": 400
    },
    {
      "fold": 2,
      "accuracy": 0.9075,
      "best_lambda_epoch": 39,
      "best_lambda_acc": 0.9422222222222222,
      "lambda_history": [
        0.7318518518518519,
        0.7770370370370371,
        0.797037037037037,
        0.8318518518518518,
        0.8651851851851852,
        0.8844444444444445,
        0.8874074074074074,
        0.8955555555555555,
        0.8955555555555555,
        0.902962962962963,
        0.9044444444444445,
        0.9103703703703704,
        0.9133333333333333,
        0.9162962962962963,
        0.9162962962962963,
        0.917037037037037,
        0.9162962962962963,
        0.9207407407407407,
        0.92,
        0.9214814814814815,
        0.922962962962963,
        0.9281481481481482,
        0.9274074074074075,
        0.9274074074074075,
        0.9333333333333333,
        0.9311111111111111,
        0.9311111111111111,
        0.9303703703703704,
        0.9318518518518518,
        0.937037037037037,
        0.9362962962962963,
        0.9362962962962963,
        0.9355555555555556,
        0.9355555555555556,
        0.9385185185185185,
        0.937037037037037,
        0.94,
        0.9407407407407408,
        0.9422222222222222,
        0.9422222222222222
      ],
      "n_train": 1600,
      "n_pca": 250,
      "n_lambda": 1350,
      "n_test": 400
    },
    {
      "fold": 3,
      "accuracy": 0.855,
      "best_lambda_epoch": 32,
      "best_lambda_acc": 0.9562962962962963,
      "lambda_history": [
        0.7525925925925926,
        0.7844444444444445,
        0.8059259259259259,
        0.8525925925925926,
        0.8807407407407407,
        0.8970370370370371,
        0.9044444444444445,
        0.9074074074074074,
        0.9148148148148149,
        0.914074074074074,
        0.9185185185185185,
        0.92,
        0.9244444444444444,
        0.9274074074074075,
        0.9288888888888889,
        0.9333333333333333,
        0.9340740740740741,
        0.9377777777777778,
        0.9414814814814815,
        0.9407407407407408,
        0.9407407407407408,
        0.9444444444444444,
        0.9422222222222222,
        0.9422222222222222,
        0.942962962962963,
        0.9474074074074074,
        0.9511111111111111,
        0.9474074074074074,
        0.9474074074074074,
        0.9474074074074074,
        0.9533333333333334,
        0.9562962962962963,
        0.9540740740740741,
        0.9518518518518518,
        0.9518518518518518,
        0.9511111111111111,
        0.9548148148148148
      ],
      "n_train": 1600,
      "n_pca": 250,
      "n_lambda": 1350,
      "n_test": 400
    },
    {
      "fold": 4,
      "accuracy": 0.8775,
      "best_lambda_epoch": 37,
      "best_lambda_acc": 0.9577777777777777,
      "lambda_history": [
        0.7414814814814815,
        0.7725925925925926,
        0.802962962962963,
        0.845925925925926,
        0.8748148148148148,
        0.8903703703703704,
        0.8985185185185185,
        0.902962962962963,
        0.9088888888888889,
        0.9111111111111111,
        0.9133333333333333,
        0.917037037037037,
        0.9177777777777778,
        0.9214814814814815,
        0.9266666666666666,
        0.9259259259259259,
        0.9259259259259259,
        0.9296296296296296,
        0.9281481481481482,
        0.9311111111111111,
        0.9311111111111111,
        0.9362962962962963,
        0.9377777777777778,
        0.9385185185185185,
        0.9437037037037037,
        0.942962962962963,
        0.9466666666666667,
        0.9488888888888889,
        0.945925925925926,
        0.9481481481481482,
        0.9503703703703704,
        0.9525925925925925,
        0.9511111111111111,
        0.9525925925925925,
        0.9533333333333334,
        0.9518518518518518,
        0.9577777777777777,
        0.9548148148148148,
        0.9555555555555556,
        0.9562962962962963
      ],
      "n_train": 1600,
      "n_pca": 250,
      "n_lambda": 1350,
      "n_test": 400
    },
    {
      "fold": 5,
      "accuracy": 0.895,
      "best_lambda_epoch": 29,
      "best_lambda_acc": 0.9466666666666667,
      "lambda_history": [
        0.7474074074074074,
        0.7844444444444445,
        0.802962962962963,
        0.8355555555555556,
        0.8637037037037038,
        0.8814814814814815,
        0.8888888888888888,
        0.8962962962962963,
        0.902962962962963,
        0.9059259259259259,
        0.914074074074074,
        0.9125925925925926,
        0.9192592592592592,
        0.9222222222222223,
        0.922962962962963,
        0.9259259259259259,
        0.9281481481481482,
        0.9318518518518518,
        0.9303703703703704,
        0.9333333333333333,
        0.9340740740740741,
        0.9377777777777778,
        0.937037037037037,
        0.94,
        0.9414814814814815,
        0.9392592592592592,
        0.942962962962963,
        0.9414814814814815,
        0.9466666666666667,
        0.9451851851851852,
        0.9437037037037037,
        0.942962962962963,
        0.945925925925926,
        0.9451851851851852
      ],
      "n_train": 1600,
      "n_pca": 250,
      "n_lambda": 1350,
      "n_test": 400
    }
  ],
  "dataset": "VocalSound",
  "type": "residual",
  "n_folds": 5,
  "n_samples": 2000,
  "timestamp": "2026-04-19T04:20:59.711937",
  "mean_accuracy": 0.883,
  "std_accuracy": 0.017705931209625776
}