{
  "folds": [
    {
      "fold": 1,
      "accuracy": 0.845,
      "best_lambda_epoch": 30,
      "best_lambda_acc": 0.8866666666666667,
      "lambda_history": [
        0.7044444444444444,
        0.7459259259259259,
        0.7748148148148148,
        0.8007407407407408,
        0.8051851851851852,
        0.8111111111111111,
        0.8207407407407408,
        0.8237037037037037,
        0.8303703703703704,
        0.8348148148148148,
        0.84,
        0.84,
        0.8525925925925926,
        0.8511111111111112,
        0.8562962962962963,
        0.8644444444444445,
        0.8592592592592593,
        0.8614814814814815,
        0.8740740740740741,
        0.8703703703703703,
        0.8725925925925926,
        0.8733333333333333,
        0.8777777777777778,
        0.8740740740740741,
        0.8755555555555555,
        0.8785185185185185,
        0.8740740740740741,
        0.8837037037037037,
        0.882962962962963,
        0.8866666666666667,
        0.8822222222222222,
        0.8851851851851852,
        0.8859259259259259,
        0.8859259259259259,
        0.8844444444444445
      ],
      "n_train": 1600,
      "n_pca": 250,
      "n_lambda": 1350,
      "n_test": 400
    },
    {
      "fold": 2,
      "accuracy": 0.805,
      "best_lambda_epoch": 39,
      "best_lambda_acc": 0.9148148148148149,
      "lambda_history": [
        0.7148148148148148,
        0.7562962962962962,
        0.7911111111111111,
        0.8155555555555556,
        0.822962962962963,
        0.8325925925925926,
        0.8348148148148148,
        0.837037037037037,
        0.8437037037037037,
        0.8466666666666667,
        0.8511111111111112,
        0.8540740740740741,
        0.86,
        0.8577777777777778,
        0.8651851851851852,
        0.8644444444444445,
        0.8733333333333333,
        0.8718518518518519,
        0.8770370370370371,
        0.88,
        0.8807407407407407,
        0.8874074074074074,
        0.8859259259259259,
        0.8911111111111111,
        0.8962962962962963,
        0.8888888888888888,
        0.8962962962962963,
        0.8955555555555555,
        0.8962962962962963,
        0.9037037037037037,
        0.9007407407407407,
        0.9,
        0.8985185185185185,
        0.9081481481481481,
        0.9081481481481481,
        0.9096296296296297,
        0.9066666666666666,
        0.9096296296296297,
        0.9148148148148149,
        0.9111111111111111
      ],
      "n_train": 1600,
      "n_pca": 250,
      "n_lambda": 1350,
      "n_test": 400
    },
    {
      "fold": 3,
      "accuracy": 0.83,
      "best_lambda_epoch": 36,
      "best_lambda_acc": 0.9,
      "lambda_history": [
        0.7088888888888889,
        0.7511111111111111,
        0.7851851851851852,
        0.8140740740740741,
        0.8207407407407408,
        0.8311111111111111,
        0.8318518518518518,
        0.8348148148148148,
        0.8377777777777777,
        0.8414814814814815,
        0.8511111111111112,
        0.845925925925926,
        0.8488888888888889,
        0.8525925925925926,
        0.8525925925925926,
        0.8562962962962963,
        0.8607407407407407,
        0.8629629629629629,
        0.8681481481481481,
        0.8674074074074074,
        0.8711111111111111,
        0.8725925925925926,
        0.8740740740740741,
        0.8807407407407407,
        0.8785185185185185,
        0.88,
        0.882962962962963,
        0.8807407407407407,
        0.882962962962963,
        0.8844444444444445,
        0.8874074074074074,
        0.8874074074074074,
        0.8918518518518519,
        0.8881481481481481,
        0.8918518518518519,
        0.9,
        0.8962962962962963,
        0.8985185185185185,
        0.8955555555555555,
        0.8962962962962963
      ],
      "n_train": 1600,
      "n_pca": 250,
      "n_lambda": 1350,
      "n_test": 400
    },
    {
      "fold": 4,
      "accuracy": 0.81,
      "best_lambda_epoch": 40,
      "best_lambda_acc": 0.9081481481481481,
      "lambda_history": [
        0.7051851851851851,
        0.7540740740740741,
        0.7859259259259259,
        0.8103703703703704,
        0.8251851851851851,
        0.8333333333333334,
        0.837037037037037,
        0.8451851851851852,
        0.8525925925925926,
        0.8533333333333334,
        0.8651851851851852,
        0.8614814814814815,
        0.8696296296296296,
        0.8681481481481481,
        0.8762962962962964,
        0.8762962962962964,
        0.8733333333333333,
        0.8762962962962964,
        0.8822222222222222,
        0.8770370370370371,
        0.8822222222222222,
        0.8792592592592593,
        0.882962962962963,
        0.8881481481481481,
        0.8881481481481481,
        0.8911111111111111,
        0.8903703703703704,
        0.8925925925925926,
        0.894074074074074,
        0.9,
        0.8933333333333333,
        0.9007407407407407,
        0.8985185185185185,
        0.9,
        0.9066666666666666,
        0.9051851851851852,
        0.8985185185185185,
        0.902962962962963,
        0.9074074074074074,
        0.9081481481481481
      ],
      "n_train": 1600,
      "n_pca": 250,
      "n_lambda": 1350,
      "n_test": 400
    },
    {
      "fold": 5,
      "accuracy": 0.8,
      "best_lambda_epoch": 39,
      "best_lambda_acc": 0.9051851851851852,
      "lambda_history": [
        0.7244444444444444,
        0.7659259259259259,
        0.8014814814814815,
        0.82,
        0.8251851851851851,
        0.8318518518518518,
        0.8362962962962963,
        0.8392592592592593,
        0.8422222222222222,
        0.8422222222222222,
        0.8518518518518519,
        0.8488888888888889,
        0.8525925925925926,
        0.8518518518518519,
        0.86,
        0.8592592592592593,
        0.8644444444444445,
        0.8651851851851852,
        0.8688888888888889,
        0.8666666666666667,
        0.8725925925925926,
        0.8755555555555555,
        0.8762962962962964,
        0.8822222222222222,
        0.8844444444444445,
        0.882962962962963,
        0.8881481481481481,
        0.8888888888888888,
        0.8874074074074074,
        0.8896296296296297,
        0.894074074074074,
        0.8970370370370371,
        0.8903703703703704,
        0.8918518518518519,
        0.8985185185185185,
        0.8977777777777778,
        0.8992592592592593,
        0.9,
        0.9051851851851852,
        0.9014814814814814
      ],
      "n_train": 1600,
      "n_pca": 250,
      "n_lambda": 1350,
      "n_test": 400
    }
  ],
  "dataset": "IRMAS",
  "type": "residual",
  "n_folds": 5,
  "n_samples": 2000,
  "timestamp": "2026-04-19T00:50:57.632791",
  "mean_accuracy": 0.818,
  "std_accuracy": 0.01691153452528773
}