{
  "folds": [
    {
      "fold": 1,
      "accuracy": 0.82,
      "best_lambda_epoch": 20,
      "best_lambda_acc": 0.9059259259259259,
      "lambda_history": [
        0.7414814814814815,
        0.7962962962962963,
        0.8125925925925926,
        0.8348148148148148,
        0.8407407407407408,
        0.8444444444444444,
        0.8503703703703703,
        0.8614814814814815,
        0.8696296296296296,
        0.8748148148148148,
        0.8755555555555555,
        0.8807407407407407,
        0.8888888888888888,
        0.8903703703703704,
        0.8896296296296297,
        0.8970370370370371,
        0.8970370370370371,
        0.9044444444444445,
        0.9022222222222223,
        0.9059259259259259
      ],
      "n_train": 1600,
      "n_pca": 250,
      "n_lambda": 1350,
      "n_test": 400
    },
    {
      "fold": 2,
      "accuracy": 0.81,
      "best_lambda_epoch": 19,
      "best_lambda_acc": 0.914074074074074,
      "lambda_history": [
        0.7451851851851852,
        0.8133333333333334,
        0.8333333333333334,
        0.8429629629629629,
        0.8503703703703703,
        0.86,
        0.8674074074074074,
        0.8733333333333333,
        0.88,
        0.8814814814814815,
        0.8888888888888888,
        0.8948148148148148,
        0.9022222222222223,
        0.8992592592592593,
        0.9074074074074074,
        0.9074074074074074,
        0.9103703703703704,
        0.9125925925925926,
        0.914074074074074,
        0.914074074074074
      ],
      "n_train": 1600,
      "n_pca": 250,
      "n_lambda": 1350,
      "n_test": 400
    },
    {
      "fold": 3,
      "accuracy": 0.8375,
      "best_lambda_epoch": 19,
      "best_lambda_acc": 0.914074074074074,
      "lambda_history": [
        0.7422222222222222,
        0.8192592592592592,
        0.8303703703703704,
        0.8392592592592593,
        0.8437037037037037,
        0.8614814814814815,
        0.8614814814814815,
        0.8711111111111111,
        0.8733333333333333,
        0.8748148148148148,
        0.8874074074074074,
        0.8822222222222222,
        0.8918518518518519,
        0.9,
        0.902962962962963,
        0.9044444444444445,
        0.9007407407407407,
        0.9088888888888889,
        0.914074074074074,
        0.9111111111111111
      ],
      "n_train": 1600,
      "n_pca": 250,
      "n_lambda": 1350,
      "n_test": 400
    },
    {
      "fold": 4,
      "accuracy": 0.825,
      "best_lambda_epoch": 20,
      "best_lambda_acc": 0.9207407407407407,
      "lambda_history": [
        0.7296296296296296,
        0.8207407407407408,
        0.8274074074074074,
        0.8488888888888889,
        0.8622222222222222,
        0.8674074074074074,
        0.8718518518518519,
        0.8859259259259259,
        0.8874074074074074,
        0.8881481481481481,
        0.8977777777777778,
        0.9,
        0.9007407407407407,
        0.9088888888888889,
        0.9103703703703704,
        0.9103703703703704,
        0.9125925925925926,
        0.9185185185185185,
        0.9185185185185185,
        0.9207407407407407
      ],
      "n_train": 1600,
      "n_pca": 250,
      "n_lambda": 1350,
      "n_test": 400
    },
    {
      "fold": 5,
      "accuracy": 0.8125,
      "best_lambda_epoch": 19,
      "best_lambda_acc": 0.9096296296296297,
      "lambda_history": [
        0.7570370370370371,
        0.8162962962962963,
        0.8311111111111111,
        0.8355555555555556,
        0.8496296296296296,
        0.8511111111111112,
        0.8607407407407407,
        0.8711111111111111,
        0.8725925925925926,
        0.8755555555555555,
        0.88,
        0.8874074074074074,
        0.8933333333333333,
        0.8903703703703704,
        0.9,
        0.9044444444444445,
        0.9081481481481481,
        0.9074074074074074,
        0.9096296296296297,
        0.9096296296296297
      ],
      "n_train": 1600,
      "n_pca": 250,
      "n_lambda": 1350,
      "n_test": 400
    }
  ],
  "dataset": "IRMAS",
  "type": "residual",
  "n_folds": 5,
  "n_samples": 2000,
  "timestamp": "2026-04-18T14:44:17.651371",
  "mean_accuracy": 0.821,
  "std_accuracy": 0.009823441352194243
}