{
  "baseline": {
    "fold_accs": [
      0.9225,
      0.95,
      0.9375,
      0.9325,
      0.95
    ],
    "mean": 0.9385,
    "std": 0.010559356040971423
  },
  "residual": {
    "fold_accs": [
      0.905,
      0.94,
      0.93,
      0.925,
      0.94
    ],
    "mean": 0.9280000000000002,
    "std": 0.012884098726725095
  },
  "delta_mean": -0.010499999999999843,
  "n_splits": 5,
  "effective_dataset_size": 2000
}