{
  "baseline": {
    "fold_accs": [
      0.6175,
      0.6240601503759399,
      0.5989974937343359,
      0.6416040100250626,
      0.6140350877192983
    ],
    "mean": 0.6192393483709273,
    "std": 0.013879917605590632
  },
  "residual": {
    "fold_accs": [
      0.625,
      0.6240601503759399,
      0.6215538847117794,
      0.6441102756892231,
      0.6115288220551378
    ],
    "mean": 0.625250626566416,
    "std": 0.010574688947263065
  },
  "delta_mean": 0.006011278195488634,
  "n_splits": 5,
  "effective_dataset_size": 1996
}