{
  "baseline": {
    "fold_accs": [
      0.3358395989974937,
      0.3408521303258145,
      0.3057644110275689,
      0.2982456140350877,
      0.31909547738693467
    ],
    "mean": 0.31995944635457996,
    "std": 0.016507086210444864
  },
  "residual": {
    "fold_accs": [
      0.3408521303258145,
      0.38345864661654133,
      0.3483709273182957,
      0.3107769423558897,
      0.3165829145728643
    ],
    "mean": 0.3400083122378811,
    "std": 0.025929902269418804
  },
  "delta_mean": 0.020048865883301126,
  "n_splits": 5,
  "effective_dataset_size": 1994
}