{
  "baseline": {
    "fold_accs": [
      0.7575,
      0.765,
      0.73,
      0.7593984962406015,
      0.7869674185463659
    ],
    "mean": 0.7597731829573935,
    "std": 0.018213161394845027
  },
  "residual": {
    "fold_accs": [
      0.785,
      0.785,
      0.7525,
      0.7744360902255639,
      0.8195488721804511
    ],
    "mean": 0.783296992481203,
    "std": 0.02166550062019424
  },
  "delta_mean": 0.023523809523809502,
  "n_splits": 5,
  "effective_dataset_size": 1998
}