{
  "ESC50": {
    "baseline": {
      "fold_accs": [
        0.9225,
        0.95,
        0.9375,
        0.9325,
        0.95
      ],
      "mean": 0.9385,
      "std": 0.010559356040971423
    },
    "residual": {
      "fold_accs": [
        0.905,
        0.94,
        0.93,
        0.925,
        0.94
      ],
      "mean": 0.9280000000000002,
      "std": 0.012884098726725095
    },
    "delta_mean": -0.010499999999999843,
    "n_splits": 5,
    "effective_dataset_size": 2000
  },
  "VocalSound": {
    "baseline": {
      "fold_accs": [
        0.7575,
        0.765,
        0.73,
        0.7593984962406015,
        0.7869674185463659
      ],
      "mean": 0.7597731829573935,
      "std": 0.018213161394845027
    },
    "residual": {
      "fold_accs": [
        0.785,
        0.785,
        0.7525,
        0.7744360902255639,
        0.8195488721804511
      ],
      "mean": 0.783296992481203,
      "std": 0.02166550062019424
    },
    "delta_mean": 0.023523809523809502,
    "n_splits": 5,
    "effective_dataset_size": 1998
  },
  "TinySOL": {
    "baseline": {
      "fold_accs": [
        0.3358395989974937,
        0.3408521303258145,
        0.3057644110275689,
        0.2982456140350877,
        0.31909547738693467
      ],
      "mean": 0.31995944635457996,
      "std": 0.016507086210444864
    },
    "residual": {
      "fold_accs": [
        0.3408521303258145,
        0.38345864661654133,
        0.3483709273182957,
        0.3107769423558897,
        0.3165829145728643
      ],
      "mean": 0.3400083122378811,
      "std": 0.025929902269418804
    },
    "delta_mean": 0.020048865883301126,
    "n_splits": 5,
    "effective_dataset_size": 1994
  },
  "IRMAS": {
    "baseline": {
      "fold_accs": [
        0.6175,
        0.6240601503759399,
        0.5989974937343359,
        0.6416040100250626,
        0.6140350877192983
      ],
      "mean": 0.6192393483709273,
      "std": 0.013879917605590632
    },
    "residual": {
      "fold_accs": [
        0.625,
        0.6240601503759399,
        0.6215538847117794,
        0.6441102756892231,
        0.6115288220551378
      ],
      "mean": 0.625250626566416,
      "std": 0.010574688947263065
    },
    "delta_mean": 0.006011278195488634,
    "n_splits": 5,
    "effective_dataset_size": 1996
  }
}